"Track URI","Track Name","Artist URI(s)","Artist Name(s)","Album URI","Album Name","Album Artist URI(s)","Album Artist Name(s)","Album Release Date","Album Image URL","Disc Number","Track Number","Track Duration (ms)","Track Preview URL","Explicit","Popularity","ISRC","Added By","Added At"
"spotify:track:1CAEHafiiJKjp6t9hfYX7f","Forever Loving Jah","spotify:artist:2QsynagSdAqZj3U9HgDzjD","Bob Marley & The Wailers","spotify:album:321q9p7PELvzcFAWxml7VX","Uprising","spotify:artist:2QsynagSdAqZj3U9HgDzjD","Bob Marley & The Wailers","1980-06-10","https://i.scdn.co/image/ab67616d0000b2731c40418d1c37d727e8e91b04","1","9","242333","https://p.scdn.co/mp3-preview/88934c9e4b0168364b8c5369568734b7472b3f9a?cid=9950ac751e34487dbbe027c4fd7f8e99","false","59","USIR28000017","spotify:user:22sdp7hcqje57feigouwzjgyq","2021-12-05T04:46:02Z"
"spotify:track:7hs9iVVyWgB9jmBBGQoRdM","No Fires It","spotify:artist:6OUA3lcutvNdX4YHLNS142","McWoner","spotify:album:3XbNsW647llV4pw8do8JcN","Well Charged","spotify:artist:0LyfQWJT6nXafLPZqxe9Of","Various Artists","1991-12-31","https://i.scdn.co/image/ab67616d0000b2736f8c8b5e214654e6ef47d19e","1","20","194186","","false","0","GBMHG0601420","spotify:user:22sdp7hcqje57feigouwzjgyq","2021-12-05T04:46:38Z"
"spotify:track:5M77yXWuKPqaUzdxn4cVnV","Concrete Jungle","spotify:artist:2QsynagSdAqZj3U9HgDzjD","Bob Marley & The Wailers","spotify:album:39kLAVdcgW7jbMcTEaY2qy","Catch A Fire","spotify:artist:2QsynagSdAqZj3U9HgDzjD","Bob Marley & The Wailers","1973-04-13","https://i.scdn.co/image/ab67616d0000b27387ef6dae7545173089c68f34","1","1","253960","https://p.scdn.co/mp3-preview/19544b44fdebbad5e3300e6da3417a9cf20e3f8d?cid=9950ac751e34487dbbe027c4fd7f8e99","false","55","GBAPA0100004","spotify:user:22sdp7hcqje57feigouwzjgyq","2021-12-05T04:47:56Z"
"spotify:track:5JqCmd41S3PZ2AS6GuHqcR","Pimper's Paradise","spotify:artist:2QsynagSdAqZj3U9HgDzjD","Bob Marley & The Wailers","spotify:album:321q9p7PELvzcFAWxml7VX","Uprising","spotify:artist:2QsynagSdAqZj3U9HgDzjD","Bob Marley & The Wailers","1980-06-10","https://i.scdn.co/image/ab67616d0000b2731c40418d1c37d727e8e91b04","1","7","207773","https://p.scdn.co/mp3-preview/ab4705a52ce73e11982c50a110a0f07655f142fa?cid=9950ac751e34487dbbe027c4fd7f8e99","false","65","USIR28000015","spotify:user:22sdp7hcqje57feigouwzjgyq","2021-12-05T04:51:45Z"
"spotify:track:22AbXxQbMdVqEz7xJjhccG","Welcome To Jamrock","spotify:artist:3QJzdZJYIAcoET1GcfpNGi","Damian Marley","spotify:album:4Y0PrDckfFKxKaVXsscDLB","Welcome to Jamrock","spotify:artist:3QJzdZJYIAcoET1GcfpNGi","Damian Marley","2005-01-01","https://i.scdn.co/image/ab67616d0000b273569c9bd53261cc7313fbc7bd","1","3","213200","https://p.scdn.co/mp3-preview/db6e4c1f6c480a13e5760f41e7927a8113a4a440?cid=9950ac751e34487dbbe027c4fd7f8e99","false","70","USUM70502069","spotify:user:22sdp7hcqje57feigouwzjgyq","2021-12-05T04:52:55Z"
"spotify:track:2Ezmm08Oy4772SkEoC18Kt","Them Belly Full (But We Hungry)","spotify:artist:2QsynagSdAqZj3U9HgDzjD","Bob Marley & The Wailers","spotify:album:1d8lF3nZpEIFeEbWmAt9Ey","Natty Dread","spotify:artist:2QsynagSdAqZj3U9HgDzjD","Bob Marley & The Wailers","1974","https://i.scdn.co/image/ab67616d0000b273b5a0ee94e2741374ce5c71a2","1","3","193226","https://p.scdn.co/mp3-preview/4e5cd3f53fdd17a1d1f2a42ca1ad79f8b3fc352f?cid=9950ac751e34487dbbe027c4fd7f8e99","false","53","GBAAN7400147","spotify:user:22sdp7hcqje57feigouwzjgyq","2021-12-05T04:56:15Z"
"spotify:track:5722IiSQ4ZqzpwhwFeCz2u","Positive Vibration","spotify:artist:2QsynagSdAqZj3U9HgDzjD","Bob Marley & The Wailers","spotify:album:6Gdf5vvFmoEwcsEV61tXiT","Rastaman Vibration","spotify:artist:2QsynagSdAqZj3U9HgDzjD","Bob Marley & The Wailers","1976","https://i.scdn.co/image/ab67616d0000b273280b04817e7547fea8cfb7d0","1","1","213893","https://p.scdn.co/mp3-preview/e164400c23ddb104e32e03042e71ed0d251ee668?cid=9950ac751e34487dbbe027c4fd7f8e99","false","54","USIR27600001","spotify:user:22sdp7hcqje57feigouwzjgyq","2021-12-05T05:01:16Z"
"spotify:track:73lYI49LhfsscO33ohrGN0","Legalize It","spotify:artist:0oea1hwGMfUxZbLxJc1XUN","Peter Tosh","spotify:album:4ESdQfdgBr9yaYraKU0Vle","Legalize It (Legacy Edition)","spotify:artist:0oea1hwGMfUxZbLxJc1XUN","Peter Tosh","1976","https://i.scdn.co/image/ab67616d0000b273995588ad272e39bfc75016a3","1","1","279360","https://p.scdn.co/mp3-preview/d101bda3cd9aab99595f608233c2fb7952247e40?cid=9950ac751e34487dbbe027c4fd7f8e99","false","55","USSM17600556","spotify:user:22sdp7hcqje57feigouwzjgyq","2021-12-05T05:02:01Z"
"spotify:track:0wqEjeBH97VfKHborK6h0P","Wild Goose Chase","spotify:artist:6UL7BodGc5iVmQGlMwHR0g","Steel Pulse","spotify:album:1h5jSwgEiUDx58MiBFVTgV","Earth Crisis","spotify:artist:6UL7BodGc5iVmQGlMwHR0g","Steel Pulse","2005-06-07","https://i.scdn.co/image/ab67616d0000b273debaed4026f8dc6cd23fb048","1","8","345400","https://p.scdn.co/mp3-preview/fbcfa7fdf5d384a3ef1b1a37360b5e74a1ced18c?cid=9950ac751e34487dbbe027c4fd7f8e99","false","43","USEE10181691","spotify:user:22sdp7hcqje57feigouwzjgyq","2021-12-05T05:03:31Z"
"spotify:track:6JXQ7fWGFKB6DgiCCSLcXO","Satta Massagana","spotify:artist:1vB5909auE9YUaTjQ7ZkTj","The Abyssinians","spotify:album:3I6FAUKLydrTWLQo99xbWt","Satta Massagana","spotify:artist:1vB5909auE9YUaTjQ7ZkTj","The Abyssinians","1976","https://i.scdn.co/image/ab67616d0000b273b7940f6d692a8d0b868d8634","1","8","209426","https://p.scdn.co/mp3-preview/743ac336059215573b3fb3e703e7c85dbcbfe96c?cid=9950ac751e34487dbbe027c4fd7f8e99","false","34","USHB19312008","spotify:user:22sdp7hcqje57feigouwzjgyq","2021-12-05T05:05:01Z"
"spotify:track:2Jko3yQgktaKnFcmyLv3g7","1865 (96ยบ In The Shade)","spotify:artist:6qfKnsgz1CwyqA7lTdieRJ","Third World","spotify:album:3YoEPzjAMfRO18CVXs2evN","96 Degrees In The Shade","spotify:artist:6qfKnsgz1CwyqA7lTdieRJ","Third World","1977-01-01","https://i.scdn.co/image/ab67616d0000b27385022daef38da8c9a7f81ac6","1","7","267826","https://p.scdn.co/mp3-preview/15c7429352dc7f0ca8f57c9bb3ecddeb1df2e995?cid=9950ac751e34487dbbe027c4fd7f8e99","false","53","GBAPA7700002","spotify:user:22sdp7hcqje57feigouwzjgyq","2021-12-05T05:07:28Z"
"spotify:track:5MVW8uIuNuL7CQ0RyyogHI","Get Up, Stand Up","spotify:artist:2QsynagSdAqZj3U9HgDzjD","Bob Marley & The Wailers","spotify:album:5EZMcYc3xK0rlru83kHpUe","Burnin' (Deluxe Edition)","spotify:artist:2QsynagSdAqZj3U9HgDzjD","Bob Marley & The Wailers","1973-10-19","https://i.scdn.co/image/ab67616d0000b2739e0e071bcaa827031dfad879","1","14","221933","https://p.scdn.co/mp3-preview/e26e7a4972cc83f5ddba1991e36f15c200539bf8?cid=9950ac751e34487dbbe027c4fd7f8e99","false","41","GBAAN0400796","spotify:user:22sdp7hcqje57feigouwzjgyq","2021-12-05T05:13:00Z"
"spotify:track:3D7cUXDEKLAFsoD10QRoiR","Smokin' Love (with Collie Buddz)","spotify:artist:5SXEylV07TC57eanSxxg4R, spotify:artist:5Ayl2bJtN5mdCsxZoxs9n1","Stick Figure, Collie Buddz","spotify:album:28S63tpbApp3AhWZZYN6l9","Set in Stone","spotify:artist:5SXEylV07TC57eanSxxg4R","Stick Figure","2015-11-13","https://i.scdn.co/image/ab67616d0000b27328292b2539f0ed722e58aa63","1","9","214206","https://p.scdn.co/mp3-preview/a166527073a88f8c876a6a6f42f675aef1dc183f?cid=9950ac751e34487dbbe027c4fd7f8e99","false","64","US4CL1510109","spotify:user:22sdp7hcqje57feigouwzjgyq","2021-12-22T16:11:17Z"
"spotify:track:4FNm4ZJaUVLDCMXcqwS6zY","Stir It Up","spotify:artist:2QsynagSdAqZj3U9HgDzjD","Bob Marley & The Wailers","spotify:album:4jKeipwuUTjlx9USNYdhZn","Legend - The Best Of Bob Marley And The Wailers","spotify:artist:2QsynagSdAqZj3U9HgDzjD","Bob Marley & The Wailers","2002-01-01","https://i.scdn.co/image/ab67616d0000b273413a6c2c7b296d98171e5e21","1","7","330760","https://p.scdn.co/mp3-preview/2b37cd25513700511a9046273ad2eca57f9bdf45?cid=9950ac751e34487dbbe027c4fd7f8e99","false","58","GBAAN7390002","spotify:user:22sdp7hcqje57feigouwzjgyq","2022-01-26T05:02:30Z"
"spotify:track:7z9tKI5lpgMmvEsVpchGiz","La La Bam-Bam","spotify:artist:0nGxKkhmIzyu6bvuXrko1e","The Congos","spotify:album:1qscQwJU4kbGvTnyx0Vo30","Total Reggae: Classic Roots","spotify:artist:0LyfQWJT6nXafLPZqxe9Of","Various Artists","2009-05-01","https://i.scdn.co/image/ab67616d0000b273e8f85d3d1648b2a9a16739b9","1","11","227480","https://p.scdn.co/mp3-preview/d10082584f4e80777fbe209fde16f563eec7a4c3?cid=9950ac751e34487dbbe027c4fd7f8e99","false","27","USVPR9300313","spotify:user:22sdp7hcqje57feigouwzjgyq","2022-02-03T01:51:57Z"
"spotify:track:5jkxC8SIZJ4qqusxRPVS5s","Wanted Dread and Alive - 2002 Remaster","spotify:artist:0oea1hwGMfUxZbLxJc1XUN","Peter Tosh","spotify:album:18s7KUeencxiAsv7ths3jK","Wanted Dread and Alive","spotify:artist:0oea1hwGMfUxZbLxJc1XUN","Peter Tosh","2002-07-30","https://i.scdn.co/image/ab67616d0000b273da3ca863175eb14e2959ca29","1","6","268213","https://p.scdn.co/mp3-preview/9969b6ea0eb3689d4eeacdc1f2b75b84bada4fc4?cid=9950ac751e34487dbbe027c4fd7f8e99","false","49","GB01A0200029","spotify:user:22sdp7hcqje57feigouwzjgyq","2022-02-03T01:52:46Z"
"spotify:track:5uBKhKWTJ4E47rcLQqu3YH","I Shot The Sheriff","spotify:artist:6uSKeCyQEhvPC2NODgiqFE","The Wailers","spotify:album:5EZMcYc3xK0rlru83kHpUe","Burnin' (Deluxe Edition)","spotify:artist:2QsynagSdAqZj3U9HgDzjD","Bob Marley & The Wailers","1973-10-19","https://i.scdn.co/image/ab67616d0000b2739e0e071bcaa827031dfad879","1","3","279720","https://p.scdn.co/mp3-preview/0e40fe2890867540f4ab3ba9612ccec28b3c4201?cid=9950ac751e34487dbbe027c4fd7f8e99","false","61","GBAAN7390003","spotify:user:22sdp7hcqje57feigouwzjgyq","2022-02-03T01:57:39Z"
"spotify:track:34zWZOSpU2V1ab0PiZCcv4","Uptown Top Ranking - Remastered 2001","spotify:artist:5E8FbSTegbOlYAH4b2rZj2","Althea And Donna","spotify:album:1FWimRgPFwDVyVlHe9EEnP","Uptown Top Ranking","spotify:artist:5E8FbSTegbOlYAH4b2rZj2","Althea And Donna","1978-01-01","https://i.scdn.co/image/ab67616d0000b2733c2aaee37878484f092d488d","1","5","229160","https://p.scdn.co/mp3-preview/fa8bb7140c7720fa537755eebdcdfbdb19fed883?cid=9950ac751e34487dbbe027c4fd7f8e99","false","59","GBAAA0100135","spotify:user:22sdp7hcqje57feigouwzjgyq","2022-02-03T01:58:38Z"
"spotify:track:2TF9pM5gfqgtrKHMYOKxPd","Cool Breeze","spotify:artist:2TdzGitZtbe3Zw3BB4SFEH","Big Youth","spotify:album:3K82f6Jv1CtvO5JYMWbsnB","Riding the Roots Chariot","spotify:artist:0LyfQWJT6nXafLPZqxe9Of","Various Artists","2013-03-26","https://i.scdn.co/image/ab67616d0000b273a09bfa2be2c4e087a8857790","1","1","203093","https://p.scdn.co/mp3-preview/22de61c1bb473d54879d3a82a1a9daa2fbbc2dc4?cid=9950ac751e34487dbbe027c4fd7f8e99","false","0","JMJ201300087","spotify:user:22sdp7hcqje57feigouwzjgyq","2022-02-03T02:02:05Z"
"spotify:track:3kBHaED930SMaZBxIvP6YD","Khaki Suit","spotify:artist:3QJzdZJYIAcoET1GcfpNGi, spotify:artist:6UuT0BJZ9vF8Y1sxXnJl2s, spotify:artist:6xqlgBccdlxUh5DeJSx2ho","Damian Marley, Bounty Killer, Eek-A-Mouse","spotify:album:4Y0PrDckfFKxKaVXsscDLB","Welcome to Jamrock","spotify:artist:3QJzdZJYIAcoET1GcfpNGi","Damian Marley","2005-01-01","https://i.scdn.co/image/ab67616d0000b273569c9bd53261cc7313fbc7bd","1","14","237400","https://p.scdn.co/mp3-preview/e7f3fb8d2b833edaf9a71dc051ce82cfd82cf5df?cid=9950ac751e34487dbbe027c4fd7f8e99","false","41","USUM70502771","spotify:user:22sdp7hcqje57feigouwzjgyq","2022-05-31T03:24:00Z"
"spotify:track:1BkY0N8ChFk2mdLbAUu8ZK","Pass The Dutchie","spotify:artist:2CuzDPkRD6BJBvdWqCrt2I","Musical Youth","spotify:album:7EaFCudrleGdoYFl2srjhi","Anthology","spotify:artist:2CuzDPkRD6BJBvdWqCrt2I","Musical Youth","1994-02-28","https://i.scdn.co/image/ab67616d0000b27392a9d95df51a8d84f90166a6","1","1","205426","https://p.scdn.co/mp3-preview/ed3a989790c4691c28c04fec952001d745afba31?cid=9950ac751e34487dbbe027c4fd7f8e99","false","62","GBBBY0300024","spotify:user:22sdp7hcqje57feigouwzjgyq","2022-06-07T21:06:38Z"
"spotify:track:3nlolUSAGoTZPu8tETwAxH","Zim Zim","spotify:artist:02QS4GibrL7zDnqe4OWWeu","Billy Boyo","spotify:album:3GrtgkGNzsvWFLegW4fodf","Zim Zim","spotify:artist:02QS4GibrL7zDnqe4OWWeu","Billy Boyo","2003-01-01","https://i.scdn.co/image/ab67616d0000b273fa6ff903bd556031a2c4766f","1","3","297146","https://p.scdn.co/mp3-preview/418c2767645a51a73546cefa4c480f57c10f6838?cid=9950ac751e34487dbbe027c4fd7f8e99","false","28","ushm20442592","spotify:user:22sdp7hcqje57feigouwzjgyq","2022-09-13T16:33:43Z"
"spotify:track:1qVPIzRyrImMAg3NIS8c8P","Roots Train","spotify:artist:17dXLKGh9AKpooAvGaVt34","Junior Murvin","spotify:album:6k54vGxQY5Gita60TQYCtR","Police & Thieves","spotify:artist:17dXLKGh9AKpooAvGaVt34","Junior Murvin","1977-01-01","https://i.scdn.co/image/ab67616d0000b273e0e495b60dbf0b503311fd3c","1","1","223024","https://p.scdn.co/mp3-preview/65d60a1ec2936a209f7d4dd5ccfdf36c6e7d04a2?cid=9950ac751e34487dbbe027c4fd7f8e99","false","40","USIR20000002","spotify:user:22sdp7hcqje57feigouwzjgyq","2022-11-30T21:46:28Z"
"spotify:track:2NAd3OwwSyMwZ0hA3dEd50","No Cup No Broke","spotify:artist:11k2m9qpCFizHgqiXn1549","African Brothers","spotify:album:3FkTrxRbPBGXrf2y3VlFbc","Collector's Edition: Rare Reggae From Studio One","spotify:artist:0LyfQWJT6nXafLPZqxe9Of","Various Artists","2015-10-30","https://i.scdn.co/image/ab67616d0000b2735de63c75e9559f79efc58a4e","1","12","142160","https://p.scdn.co/mp3-preview/16bfbf7c8230a99b10253f66b1303e41b0ff9c46?cid=9950ac751e34487dbbe027c4fd7f8e99","false","0","JMA020600820","spotify:user:22sdp7hcqje57feigouwzjgyq","2023-04-25T02:41:26Z"
"spotify:track:5h1Y5ZU60rke2qJbQYGgBN","Things In Life","spotify:artist:0UmBaQJflaHddKtf1lrA6F","Dennis Brown","spotify:album:3mRQoE9cU9M2xqmj7UW3Kb","Lloyd Daley's Matador Productions 1968-72: Reggae Classics From The Originator","spotify:artist:0LyfQWJT6nXafLPZqxe9Of","Various Artists","1992-01-01","https://i.scdn.co/image/ab67616d0000b2737f2896fc78330795c188b980","1","7","193026","https://p.scdn.co/mp3-preview/27c69e921f22d8900689a3cecdd2928f69cb72f9?cid=9950ac751e34487dbbe027c4fd7f8e99","false","39","USHB19209207","spotify:user:22sdp7hcqje57feigouwzjgyq","2023-06-04T20:58:03Z"
"spotify:track:5mNqvDiHoNGi6WhW7OVcbr","Let Me Walk By","spotify:artist:6rBAvjC7mdQN13D6b7g8yk","The Caribbeans","spotify:album:3mRQoE9cU9M2xqmj7UW3Kb","Lloyd Daley's Matador Productions 1968-72: Reggae Classics From The Originator","spotify:artist:0LyfQWJT6nXafLPZqxe9Of","Various Artists","1992-01-01","https://i.scdn.co/image/ab67616d0000b2737f2896fc78330795c188b980","1","4","207933","https://p.scdn.co/mp3-preview/4e1cff68cf2bc1d9ab89e9d800ad2fb5652a7ba9?cid=9950ac751e34487dbbe027c4fd7f8e99","false","14","USHB19209204","spotify:user:22sdp7hcqje57feigouwzjgyq","2023-06-04T21:03:18Z"
"spotify:track:34pB4FSvt545dwYbpbRkgd","Back Staba","spotify:artist:2Y06xyHPovQ8DWLyVIpSJK","Israel Vibration","spotify:album:0KrOVlWOeWwzqieOGLmePf","Stamina","spotify:artist:2Y06xyHPovQ8DWLyVIpSJK","Israel Vibration","2007-06-01","https://i.scdn.co/image/ab67616d0000b2730ea3fdc65f1c7a97a73a94de","1","2","231186","https://p.scdn.co/mp3-preview/aceb6ccb95f4d96de8c7aeae5f3f1cdbf3261552?cid=9950ac751e34487dbbe027c4fd7f8e99","false","55","FR5R00900462","spotify:user:22sdp7hcqje57feigouwzjgyq","2023-11-27T04:52:05Z"
"spotify:track:1HoGabt4vA8cl06t4IcpNS","Diverse Doctrine","spotify:artist:5pryfFgCrWJ41UHaENJPyi","Alton Ellis","spotify:album:2wEWN5TV6ukhRVaWls1vpa","Reggae Trio","spotify:artist:5pryfFgCrWJ41UHaENJPyi, spotify:artist:10j5vcbnSBWXZ1WYyv2a2D, spotify:artist:228y2DiGvQkteqDD2dUZDD","Alton Ellis, Delroy Wilson, Errol Dunkley","2022-10-14","https://i.scdn.co/image/ab67616d0000b273de026721d642d90f01c582ab","1","7","206767","https://p.scdn.co/mp3-preview/98da4845b955d639061faa61ad241e830a479df5?cid=9950ac751e34487dbbe027c4fd7f8e99","false","5","GBKPL2211464","spotify:user:22sdp7hcqje57feigouwzjgyq","2024-01-18T03:15:44Z"
"spotify:track:5dvG16Ma80h9FZ1sQq5Sb1","Lost Mi Love","spotify:artist:6yTNMMqumesCWhMJ47HB2a","Yellowman","spotify:album:1ub0O2c6o8TFplwF01SADt","Mister Yellowman","spotify:artist:6yTNMMqumesCWhMJ47HB2a","Yellowman","1982","https://i.scdn.co/image/ab67616d0000b273157281ebfd0f87c0715a1e9a","1","2","310733","https://p.scdn.co/mp3-preview/383e218bb1691d50d9e49ad3cf724d4651e25500?cid=9950ac751e34487dbbe027c4fd7f8e99","false","45","GBBZV8201886","spotify:user:22sdp7hcqje57feigouwzjgyq","2024-01-18T03:30:41Z"
"spotify:track:7nPMsFa65oZMAUHNuTmTVP","Act Of Affection","spotify:artist:2ffhJMXvdEJFZISX76ccQL","Wailing Souls","spotify:album:1QSFE4FIp4c1fbPAZWzlha","Fire House Rock","spotify:artist:2ffhJMXvdEJFZISX76ccQL","Wailing Souls","1980","https://i.scdn.co/image/ab67616d0000b2734bd5e4658c1482bdbd6af93d","1","5","164906","https://p.scdn.co/mp3-preview/0d1dd2f250b1fe96d0ce81291815b192e2f5ac91?cid=9950ac751e34487dbbe027c4fd7f8e99","false","46","GBBZV8110533","spotify:user:22sdp7hcqje57feigouwzjgyq","2024-01-18T03:31:07Z"
"spotify:track:7578oiL9J6tFHXEjfCXFAS","Wa-Do-Dem","spotify:artist:6xqlgBccdlxUh5DeJSx2ho","Eek-A-Mouse","spotify:album:2fGzC6ZvAqmpBr8dprAQTT","Wa-Do-Dem","spotify:artist:6xqlgBccdlxUh5DeJSx2ho","Eek-A-Mouse","1981","https://i.scdn.co/image/ab67616d0000b2735070bc308a25796d60bc3a23","1","1","235373","https://p.scdn.co/mp3-preview/1934927e5a8f431358d3dda8a8803cc82122f607?cid=9950ac751e34487dbbe027c4fd7f8e99","false","53","GBBZV8101363","spotify:user:22sdp7hcqje57feigouwzjgyq","2024-01-18T03:31:19Z"
"spotify:track:1YpH91YcUZlo2mxKJVhWM8","Zungguzungguguzungguzeng","spotify:artist:6yTNMMqumesCWhMJ47HB2a","Yellowman","spotify:album:5hvxysDLuDCZSH7U4j9C9N","Zungguzungguguzungguzeng!","spotify:artist:6yTNMMqumesCWhMJ47HB2a","Yellowman","1983-06-01","https://i.scdn.co/image/ab67616d0000b273b496aa464f8a23e8d5d6302d","1","1","388226","https://p.scdn.co/mp3-preview/9474f718c203cfc22ef35e2ba1c65624e55dee04?cid=9950ac751e34487dbbe027c4fd7f8e99","false","49","GBBZV8352484","spotify:user:22sdp7hcqje57feigouwzjgyq","2024-01-18T03:32:24Z"
"spotify:track:5iynCtpEY7mx4ou54tHBPH","Ganja Smuggling","spotify:artist:6xqlgBccdlxUh5DeJSx2ho","Eek-A-Mouse","spotify:album:2fGzC6ZvAqmpBr8dprAQTT","Wa-Do-Dem","spotify:artist:6xqlgBccdlxUh5DeJSx2ho","Eek-A-Mouse","1981","https://i.scdn.co/image/ab67616d0000b2735070bc308a25796d60bc3a23","1","2","228760","https://p.scdn.co/mp3-preview/699ed5d7573c5896b0ec1083d11c2fdee75adf4d?cid=9950ac751e34487dbbe027c4fd7f8e99","false","60","GBBZV8202799","spotify:user:22sdp7hcqje57feigouwzjgyq","2024-01-18T03:32:42Z"
"spotify:track:2xBszUiaim5OAv534VxFUw","Transport Connection","spotify:artist:21pMSs2JHWwwy2kp1QIIVB","Sister Nancy","spotify:album:3Il1CWXA64e8gukuJZoj0e","One Two","spotify:artist:21pMSs2JHWwwy2kp1QIIVB","Sister Nancy","1982","https://i.scdn.co/image/ab67616d0000b27333c6f21ab00263515f0b0d6d","1","7","225080","https://p.scdn.co/mp3-preview/cabc5024693893c79595de0127ca809d908e9b42?cid=9950ac751e34487dbbe027c4fd7f8e99","false","38","USA2P0804886","spotify:user:22sdp7hcqje57feigouwzjgyq","2024-01-29T18:39:55Z"
"spotify:track:4Qmbc7KFWkKvxBz5KjcA6g","Murderer","spotify:artist:5mMuiFhh7faS7qxnTLRA6u","Barrington Levy","spotify:album:5GT7CLKowdpkKRFaiYXfmN","Original Ragga Muffin, Pt.1","spotify:artist:5mMuiFhh7faS7qxnTLRA6u","Barrington Levy","2015-11-13","https://i.scdn.co/image/ab67616d0000b273c9ae728eab2ea2dfc4466960","1","14","233160","https://p.scdn.co/mp3-preview/bc7a77f03d321b9a6e3ef964e7da0935f7e1359b?cid=9950ac751e34487dbbe027c4fd7f8e99","false","59","TCACJ1561249","spotify:user:22sdp7hcqje57feigouwzjgyq","2024-01-30T01:07:58Z"
"spotify:track:6PbtTwGUPPbnT7nRTA1gS3","Your House","spotify:artist:6UL7BodGc5iVmQGlMwHR0g","Steel Pulse","spotify:album:26eFSibLfoQ0pIvnb02NDg","True Democracy","spotify:artist:6UL7BodGc5iVmQGlMwHR0g","Steel Pulse","1982","https://i.scdn.co/image/ab67616d0000b273575da312c2dbaf47c49ececb","1","8","222600","https://p.scdn.co/mp3-preview/1e8ba4de549721b860890995e41712d0e3e54739?cid=9950ac751e34487dbbe027c4fd7f8e99","false","51","USEE19901171","spotify:user:22sdp7hcqje57feigouwzjgyq","2024-01-30T01:27:17Z"
"spotify:track:7yoCxe2HUbf5phZNiQf1Mh","Operation Eradication","spotify:artist:6xqlgBccdlxUh5DeJSx2ho","Eek-A-Mouse","spotify:album:2fGzC6ZvAqmpBr8dprAQTT","Wa-Do-Dem","spotify:artist:6xqlgBccdlxUh5DeJSx2ho","Eek-A-Mouse","1981","https://i.scdn.co/image/ab67616d0000b2735070bc308a25796d60bc3a23","1","3","195266","https://p.scdn.co/mp3-preview/6772cfb9cc565a0aac505043f7bc9ef4361c6596?cid=9950ac751e34487dbbe027c4fd7f8e99","false","32","GBBZV8202255","spotify:user:22sdp7hcqje57feigouwzjgyq","2024-01-30T01:27:33Z"
"spotify:track:5O5egZVVsMZGs8BThKDjTu","Leggo Mi Hand","spotify:artist:2hqyZpGViBQDIaMCme0DKC","Josey Wales","spotify:album:6acnIyiSne3dgBjXCWUDBr","24K Gold Dancehall Megamix","spotify:artist:0LyfQWJT6nXafLPZqxe9Of","Various Artists","2005-06-20","https://i.scdn.co/image/ab67616d0000b273e2d1e158103c0b0eb4276c7c","1","3","100573","https://p.scdn.co/mp3-preview/fcb1d37f54b3e332c070388f8429cfc3d3f2789e?cid=9950ac751e34487dbbe027c4fd7f8e99","false","35","USA560550171","spotify:user:22sdp7hcqje57feigouwzjgyq","2024-02-05T01:24:49Z"
"spotify:track:7FJdARE4491PCvDZx0BImj","Gee Baby","spotify:artist:5FhVnyPs1wSLjkZk4mU69M","Al Campbell","spotify:album:1yWbL2RDJCNc1v1JOru9Zj","No More Running + Gee Baby","spotify:artist:5FhVnyPs1wSLjkZk4mU69M","Al Campbell","1977","https://i.scdn.co/image/ab67616d0000b273438c55bec4e4495a9a422982","1","11","150946","https://p.scdn.co/mp3-preview/81302a5204370d57125fb7032def23a9df85ec1b?cid=9950ac751e34487dbbe027c4fd7f8e99","false","35","GBFDB1700401","spotify:user:22sdp7hcqje57feigouwzjgyq","2024-02-06T13:50:17Z"
"spotify:track:7a2FaJBUsniyDAOFoopHuM","Black Roses","spotify:artist:5mMuiFhh7faS7qxnTLRA6u","Barrington Levy","spotify:album:5GT7CLKowdpkKRFaiYXfmN","Original Ragga Muffin, Pt.1","spotify:artist:5mMuiFhh7faS7qxnTLRA6u","Barrington Levy","2015-11-13","https://i.scdn.co/image/ab67616d0000b273c9ae728eab2ea2dfc4466960","1","13","187600","https://p.scdn.co/mp3-preview/6045127372193ead03556ef3bf7c8c993baf277e?cid=9950ac751e34487dbbe027c4fd7f8e99","false","57","TCACJ1561246","spotify:user:22sdp7hcqje57feigouwzjgyq","2024-02-09T04:18:52Z"
"spotify:track:0INtJm8gCJKtNaAYQNVlpZ","You Don't Love Me (No, No, No) - Extended Mix","spotify:artist:6mLXvSt7Xxy2r9uBba1O6Z","Dawn Penn","spotify:album:7DLI0K5q6Gb1vgtlgKSgmU","No, No, No","spotify:artist:6mLXvSt7Xxy2r9uBba1O6Z","Dawn Penn","1994","https://i.scdn.co/image/ab67616d0000b2733260aeb9dbc740c568a86017","1","3","277893","https://p.scdn.co/mp3-preview/28ce6fc8e48c5c456e52dff829f16f1500bfdf7a?cid=9950ac751e34487dbbe027c4fd7f8e99","false","66","USAT20110480","spotify:user:22sdp7hcqje57feigouwzjgyq","2024-02-09T04:22:41Z"
"spotify:track:1gAcaCJvkhsaJSux3AVfLt","Crying Every Night (These Eyes)","spotify:artist:7x17fKLgntkYULTWklah84","Wilburn Cole","spotify:album:5J264dvVL07uv4WRy0s2Sc","Version Galore","spotify:artist:4aCH6cwaYahrWfJWqfEfra","U-Roy","1971-01-01","https://i.scdn.co/image/ab67616d0000b2733816c072fc4f62a0e34dfd3a","2","15","151080","https://p.scdn.co/mp3-preview/5163b3c0c59de2af1f3311e5dd19041753158303?cid=9950ac751e34487dbbe027c4fd7f8e99","false","33","GBAJE7100457","spotify:user:22sdp7hcqje57feigouwzjgyq","2024-02-09T19:35:41Z"
"spotify:track:0lwHFB5OUlBeiXyaEOKJd6","007 (Shanty Town)","spotify:artist:4fmVPsGxjwP5ruiTEvIcOt","Desmond Dekker & The Aces","spotify:album:76noJaSuS2UFRm3QBU2hZl","007 Shanty Town","spotify:artist:4fmVPsGxjwP5ruiTEvIcOt","Desmond Dekker & The Aces","1967-01-01","https://i.scdn.co/image/ab67616d0000b273472ce7e27f74ecd8369da109","1","1","154293","https://p.scdn.co/mp3-preview/08ad5613e9263f75a086fb90057a3829b7e91f4b?cid=9950ac751e34487dbbe027c4fd7f8e99","false","50","GBAJE6600282","spotify:user:22sdp7hcqje57feigouwzjgyq","2024-02-09T19:42:00Z"
"spotify:track:0FMxvJUuYvuYsZMluooblk","Armageddon Time","spotify:artist:3T5EG3XsFoTCa8ygq5Bujb","Willie Williams","spotify:album:4YmKOQccTzpZ6Cmlf2cFEL","Rising Reggae Records","spotify:artist:0LyfQWJT6nXafLPZqxe9Of","Various Artists","2016-12-02","https://i.scdn.co/image/ab67616d0000b27371ecdecfe657093a08c8d946","1","1","152573","https://p.scdn.co/mp3-preview/5e295f15a791f3293a19ef2390a8829a790d3d85?cid=9950ac751e34487dbbe027c4fd7f8e99","false","29","NLRD51403497","spotify:user:22sdp7hcqje57feigouwzjgyq","2024-02-12T05:01:50Z"
"spotify:track:7ixiCZEHWHc8FxaQXQh2P4","Bam Bam","spotify:artist:21pMSs2JHWwwy2kp1QIIVB","Sister Nancy","spotify:album:3Il1CWXA64e8gukuJZoj0e","One Two","spotify:artist:21pMSs2JHWwwy2kp1QIIVB","Sister Nancy","1982","https://i.scdn.co/image/ab67616d0000b27333c6f21ab00263515f0b0d6d","1","6","196506","https://p.scdn.co/mp3-preview/a49bfa7815d65abfa3586a6fc2eda739ce79f62a?cid=9950ac751e34487dbbe027c4fd7f8e99","false","66","USA2P0804885","spotify:user:22sdp7hcqje57feigouwzjgyq","2024-02-13T23:24:40Z"
"spotify:track:1ZQ1H09t1VzKGfAPKt7wN1","Gotta Find a Way","spotify:artist:0wwBxT2qVH327KlBJbwMEP","The Frightnrs","spotify:album:5oGtxusqxowETVnVokdqME","Nothing More to Say","spotify:artist:0wwBxT2qVH327KlBJbwMEP","The Frightnrs","2016-09-02","https://i.scdn.co/image/ab67616d0000b2739561e10a3bd9d4039c9ba804","1","3","229240","https://p.scdn.co/mp3-preview/d1dd07be6e2c8eae973663e853c730c2668e7a35?cid=9950ac751e34487dbbe027c4fd7f8e99","false","47","US4GZ1604203","spotify:user:22sdp7hcqje57feigouwzjgyq","2024-02-28T18:05:30Z"
"spotify:track:1FDCOnNeSDzuOWrWDfklMv","Let Me Down Easy","spotify:artist:0UmBaQJflaHddKtf1lrA6F","Dennis Brown","spotify:album:3RxfT8zLSmteZfX3snggnb","Super Reggae & Soul Hits","spotify:artist:0UmBaQJflaHddKtf1lrA6F","Dennis Brown","2006","https://i.scdn.co/image/ab67616d0000b273f7870f1fefe8ce9d1f164ca3","1","11","175026","","false","2","GBAJE0505802","spotify:user:22sdp7hcqje57feigouwzjgyq","2024-03-03T03:34:46Z"
"spotify:track:0Rvtj66lo8oTWubx6GA1nR","King Tubby's Meets Rockers Uptown","spotify:artist:5WwEQwX3ruZofwDDqtOXwI","Augustus Pablo","spotify:album:3W2vBxtqk6gORb4sWWMen6","King Tubbys Meets Rockers Uptown","spotify:artist:5WwEQwX3ruZofwDDqtOXwI","Augustus Pablo","1976","https://i.scdn.co/image/ab67616d0000b273720b3e82fadb2036fdd58fe0","1","7","152813","https://p.scdn.co/mp3-preview/379a7162cf93e01907375f4e53cdc232c0749a07?cid=9950ac751e34487dbbe027c4fd7f8e99","false","45","US2392000654","spotify:user:22sdp7hcqje57feigouwzjgyq","2024-03-03T03:35:03Z"
"spotify:track:6X4171NDmAvVgcUYvhGNsA","Lips of Wine","spotify:artist:0UmBaQJflaHddKtf1lrA6F","Dennis Brown","spotify:album:2l5cxpBpaSklRx04YUr0O0","Musical Heatwave, The Best of Dennis Brown 1972-1975","spotify:artist:0UmBaQJflaHddKtf1lrA6F","Dennis Brown","1995-12-05","https://i.scdn.co/image/ab67616d0000b273c638652801bb038e51d50d20","1","12","166220","https://p.scdn.co/mp3-preview/d4b0a2243a0408fe48ac750a311ef7f7132813ec?cid=9950ac751e34487dbbe027c4fd7f8e99","false","2","USQY51488803","spotify:user:22sdp7hcqje57feigouwzjgyq","2024-03-03T03:35:54Z"
"spotify:track:0i39dkbnuc2Rla7L3lbjou","Georgie Porgie","spotify:artist:6xqlgBccdlxUh5DeJSx2ho","Eek-A-Mouse","spotify:album:2fGzC6ZvAqmpBr8dprAQTT","Wa-Do-Dem","spotify:artist:6xqlgBccdlxUh5DeJSx2ho","Eek-A-Mouse","1981","https://i.scdn.co/image/ab67616d0000b2735070bc308a25796d60bc3a23","1","7","197706","https://p.scdn.co/mp3-preview/3db3435831901cf0d4818f35af0082bcb4ca8a54?cid=9950ac751e34487dbbe027c4fd7f8e99","false","24","GBBZV0115808","spotify:user:22sdp7hcqje57feigouwzjgyq","2024-03-03T03:37:01Z"
"spotify:track:09Nck1nvRcg1Y14SNfWwtJ","Waiting In Vain","spotify:artist:2QsynagSdAqZj3U9HgDzjD","Bob Marley & The Wailers","spotify:album:655KljKIXl42fiNDMKivbY","Exodus","spotify:artist:2QsynagSdAqZj3U9HgDzjD","Bob Marley & The Wailers","1977-06-03","https://i.scdn.co/image/ab67616d0000b273d7f3e4d143c198d3542a775d","1","7","256239","https://p.scdn.co/mp3-preview/477bf609f8fd141359d9949ff577cb5c73477672?cid=9950ac751e34487dbbe027c4fd7f8e99","false","69","USIR27700014","spotify:user:22sdp7hcqje57feigouwzjgyq","2024-03-22T03:43:23Z"
"spotify:local:::Eek+a+mouse+-+police+in+helicopter:214","Eek a mouse - police in helicopter","","","","","","","","","0","0","214000","","false","0","","spotify:user:22sdp7hcqje57feigouwzjgyq","2024-03-22T04:59:26Z"
"spotify:local:::Eekamouse-policeinhelicopter:214","Eekamouse-policeinhelicopter","","","","","","","","","0","0","214000","","false","0","","spotify:user:22sdp7hcqje57feigouwzjgyq","2024-04-01T20:58:41Z"
"spotify:track:7fwcnqwHgzROINweFX4oxr","No Other Woman","spotify:artist:7IURtrIM8SBTlCI9qrAuUQ","Linval Thompson","spotify:album:7td4NFu0z7vtAZsZf4Nd23","The Early Sessions 1974-1982","spotify:artist:7IURtrIM8SBTlCI9qrAuUQ","Linval Thompson","2011-11-10","https://i.scdn.co/image/ab67616d0000b273885815f103317d7bb488b664","1","1","123626","https://p.scdn.co/mp3-preview/7053cda2a78398914c4f78fa6611f4a11d21718e?cid=9950ac751e34487dbbe027c4fd7f8e99","false","57","JMA270860135","spotify:user:22sdp7hcqje57feigouwzjgyq","2024-04-09T01:15:49Z"
"spotify:track:7gJ0NcWavWf09x3Zl49Ea5","Oh Dread - Remastered 2001","spotify:artist:5E8FbSTegbOlYAH4b2rZj2","Althea And Donna","spotify:album:1FWimRgPFwDVyVlHe9EEnP","Uptown Top Ranking","spotify:artist:5E8FbSTegbOlYAH4b2rZj2","Althea And Donna","1978-01-01","https://i.scdn.co/image/ab67616d0000b2733c2aaee37878484f092d488d","1","4","159333","https://p.scdn.co/mp3-preview/c2a127ab113a337c271dead3f27a2f1d36fd334e?cid=9950ac751e34487dbbe027c4fd7f8e99","false","45","GBAAA0100133","spotify:user:22sdp7hcqje57feigouwzjgyq","2024-04-09T01:22:43Z"
"spotify:track:4DQttwipnILl88cru3BRZx","Night Nurse","spotify:artist:6QHu71f8LLeT8n0GzfbYFc","Gregory Isaacs","spotify:album:2HEXjNNUSOwBmhyaEXG5yx","Night Nurse (Expanded Edition)","spotify:artist:6QHu71f8LLeT8n0GzfbYFc","Gregory Isaacs","1982-01-01","https://i.scdn.co/image/ab67616d0000b27326f8a0f6a4abe3088c6074ad","1","1","249533","https://p.scdn.co/mp3-preview/8e543b64aa835a31ab36917384c5b275deca57f1?cid=9950ac751e34487dbbe027c4fd7f8e99","false","65","USIR18290001","spotify:user:22sdp7hcqje57feigouwzjgyq","2024-04-09T01:28:29Z"
"spotify:track:54cMaPPTAoC57ZgnMTJKHM","Handsworth Revolution","spotify:artist:6UL7BodGc5iVmQGlMwHR0g","Steel Pulse","spotify:album:61RLzpGAy4BrIQoEiHXGXA","Reggae Greats","spotify:artist:6UL7BodGc5iVmQGlMwHR0g","Steel Pulse","1984","https://i.scdn.co/image/ab67616d0000b2737295b6d6af8460330c46d778","1","10","322000","https://p.scdn.co/mp3-preview/78cb5f3d2583932b0929e8e4765dea4a0372f021?cid=9950ac751e34487dbbe027c4fd7f8e99","false","41","GBAPA7800006","spotify:user:22sdp7hcqje57feigouwzjgyq","2024-04-09T01:37:25Z"
"spotify:track:0mD19MC6H0OzHvEUADHypU","Police In Helicopter","spotify:artist:312pFk2xpEwYWLGPehc4Nu","John Holt","spotify:album:7naj9A5QZbYxYbj9Susywq","Police In Helicopter","spotify:artist:312pFk2xpEwYWLGPehc4Nu","John Holt","1983","https://i.scdn.co/image/ab67616d0000b27318eaa5f84d8d593390a725a4","1","1","219160","https://p.scdn.co/mp3-preview/ebe2a2fda701c6fbe6a49c29ca9209f83a950c36?cid=9950ac751e34487dbbe027c4fd7f8e99","false","58","GBBZV8301362","spotify:user:22sdp7hcqje57feigouwzjgyq","2024-04-18T17:41:19Z"
"spotify:track:0GX3igA23J42onO5WEWFMk","Time Tough","spotify:artist:6ZFv3wQwwWPiVDWhv0mjQK","Toots & The Maytals","spotify:album:7a341nZsSfwyBsq1tMPETz","Funky Kingston","spotify:artist:6ZFv3wQwwWPiVDWhv0mjQK","Toots & The Maytals","1973-01-01","https://i.scdn.co/image/ab67616d0000b273c791c7423d7b3b9f02fb093a","1","1","264160","https://p.scdn.co/mp3-preview/3a98e3f2dd7cc261fe718eb699dc9b80eac54fd2?cid=9950ac751e34487dbbe027c4fd7f8e99","false","41","USIR27300001","spotify:user:22sdp7hcqje57feigouwzjgyq","2024-06-02T18:33:36Z"
"spotify:track:20gqQ4VGBPfD5XwFI7Qhfz","Babylon Makes The Rules","spotify:artist:6UL7BodGc5iVmQGlMwHR0g","Steel Pulse","spotify:album:61RLzpGAy4BrIQoEiHXGXA","Reggae Greats","spotify:artist:6UL7BodGc5iVmQGlMwHR0g","Steel Pulse","1984","https://i.scdn.co/image/ab67616d0000b2737295b6d6af8460330c46d778","1","2","281800","https://p.scdn.co/mp3-preview/0301578e546c344e4bc09ca596fe7392228bd9cf?cid=9950ac751e34487dbbe027c4fd7f8e99","false","13","GBAPA7900021","spotify:user:22sdp7hcqje57feigouwzjgyq","2024-06-03T03:13:54Z"
"spotify:track:16DBt4XYaBMRCWecTmo0xl","Don't Give In","spotify:artist:6UL7BodGc5iVmQGlMwHR0g","Steel Pulse","spotify:album:61RLzpGAy4BrIQoEiHXGXA","Reggae Greats","spotify:artist:6UL7BodGc5iVmQGlMwHR0g","Steel Pulse","1984","https://i.scdn.co/image/ab67616d0000b2737295b6d6af8460330c46d778","1","3","187733","https://p.scdn.co/mp3-preview/d83d60eca686b7d3b22c5d54ec48e091bb7cff3f?cid=9950ac751e34487dbbe027c4fd7f8e99","false","20","GBAPA8000020","spotify:user:22sdp7hcqje57feigouwzjgyq","2024-06-03T03:14:14Z"
"spotify:track:1q8gelFgFYUwoWpQV7WNCe","54-46 Was My Number","spotify:artist:6ZFv3wQwwWPiVDWhv0mjQK","Toots & The Maytals","spotify:album:6FuHnw9KkeYH6TSJaNOlto","In The Dark","spotify:artist:6ZFv3wQwwWPiVDWhv0mjQK","Toots & The Maytals","1973-03-01","https://i.scdn.co/image/ab67616d0000b273c22424eb54f4132e30efa886","1","11","204026","https://p.scdn.co/mp3-preview/97dc6f51325bcfbb39b5520f802c6d8119bcd023?cid=9950ac751e34487dbbe027c4fd7f8e99","false","61","USIR20300108","spotify:user:22sdp7hcqje57feigouwzjgyq","2024-06-03T03:27:25Z"
"spotify:track:0dxLoj9DTNbtAbjGVMMUYK","Gonna Make Time","spotify:artist:0wwBxT2qVH327KlBJbwMEP","The Frightnrs","spotify:album:5oGtxusqxowETVnVokdqME","Nothing More to Say","spotify:artist:0wwBxT2qVH327KlBJbwMEP","The Frightnrs","2016-09-02","https://i.scdn.co/image/ab67616d0000b2739561e10a3bd9d4039c9ba804","1","10","214613","https://p.scdn.co/mp3-preview/e46523af214d9b434f48ca113124c9d97def8f51?cid=9950ac751e34487dbbe027c4fd7f8e99","false","54","US4GZ1604210","spotify:user:22sdp7hcqje57feigouwzjgyq","2024-06-03T16:24:38Z"
"spotify:track:0C8bP2Km8MCdtQb8MJzoPP","Anarexol (12"")","spotify:artist:6xqlgBccdlxUh5DeJSx2ho","Eek-A-Mouse","spotify:album:3XdnLEXyIrLa840AwMo2RW","Mouseketeer","spotify:artist:6xqlgBccdlxUh5DeJSx2ho","Eek-A-Mouse","1984","https://i.scdn.co/image/ab67616d0000b273a71de4d8d4455c282332b29f","1","12","440333","https://p.scdn.co/mp3-preview/cfb341bf25b676ae770bc6f5a7148608d0f6120f?cid=9950ac751e34487dbbe027c4fd7f8e99","false","34","GBBZV0450993","spotify:user:22sdp7hcqje57feigouwzjgyq","2024-06-27T14:19:39Z"
"spotify:track:1cXpBJTqxXIV2tZyEXXPtQ","I Lost My Sonia","spotify:artist:7z7anCUBwfJUFuTQ4D1x6R","Cocoa Tea","spotify:album:527Jo8DG0g46VacoVkFMgX","Weh Dem A Go Do...Can't Stop Cocoa Tea","spotify:artist:7z7anCUBwfJUFuTQ4D1x6R","Cocoa Tea","1992","https://i.scdn.co/image/ab67616d0000b2738af5ceba64b6c3392f3c8837","1","6","219733","https://p.scdn.co/mp3-preview/f9f42d9dcf07b88ebcd4519dc57eb47b44f4a804?cid=9950ac751e34487dbbe027c4fd7f8e99","false","18","USVPR0107230","spotify:user:22sdp7hcqje57feigouwzjgyq","2024-06-26T18:12:59Z"
"spotify:track:6T6cumMdgufnqVcw1FpDqX","Rocking Dolly","spotify:artist:7z7anCUBwfJUFuTQ4D1x6R","Cocoa Tea","spotify:album:527Jo8DG0g46VacoVkFMgX","Weh Dem A Go Do...Can't Stop Cocoa Tea","spotify:artist:7z7anCUBwfJUFuTQ4D1x6R","Cocoa Tea","1992","https://i.scdn.co/image/ab67616d0000b2738af5ceba64b6c3392f3c8837","1","1","231400","https://p.scdn.co/mp3-preview/cf2a5b1e012bfdd46867b8fd97b52b30c50a0f3a?cid=9950ac751e34487dbbe027c4fd7f8e99","false","26","USVPR0713825","spotify:user:22sdp7hcqje57feigouwzjgyq","2024-06-26T18:13:03Z"
"spotify:track:7FDRuCNyLts7hg1UiaPpUR","Sensee Party","spotify:artist:6xqlgBccdlxUh5DeJSx2ho","Eek-A-Mouse","spotify:album:662RP29DTlG5AnIyFV46so","Skidip","spotify:artist:6xqlgBccdlxUh5DeJSx2ho","Eek-A-Mouse","1982-06-01","https://i.scdn.co/image/ab67616d0000b2737d31234b14e288f43b51db01","1","1","192106","https://p.scdn.co/mp3-preview/402e72842618470c2d051b6e8aed5468b4afc6e9?cid=9950ac751e34487dbbe027c4fd7f8e99","false","42","GBBZV8201957","spotify:user:22sdp7hcqje57feigouwzjgyq","2024-06-26T18:13:07Z"
"spotify:track:49UQ9RrZvnaPL8UF8MFxvV","It Was a Long Way","spotify:artist:5J6lHDYy53GyksfcJyHadC","Junior Byles","spotify:album:3UK6q3WhYfT4tztDyaBoyK","A Long Way","spotify:artist:5J6lHDYy53GyksfcJyHadC","Junior Byles","1999","https://i.scdn.co/image/ab67616d0000b27313e693efb6c4657b5ed8eac7","1","11","179275","https://p.scdn.co/mp3-preview/934922d36990d7bf159121597dd2ee633feeea71?cid=9950ac751e34487dbbe027c4fd7f8e99","false","41","USQY51440853","spotify:user:22sdp7hcqje57feigouwzjgyq","2024-06-26T18:13:11Z"
"spotify:track:6lmLUNd7mcyYqKcg6EIAOu","Coming In From The Cold","spotify:artist:2QsynagSdAqZj3U9HgDzjD","Bob Marley & The Wailers","spotify:album:321q9p7PELvzcFAWxml7VX","Uprising","spotify:artist:2QsynagSdAqZj3U9HgDzjD","Bob Marley & The Wailers","1980-06-10","https://i.scdn.co/image/ab67616d0000b2731c40418d1c37d727e8e91b04","1","1","271023","https://p.scdn.co/mp3-preview/5c03f20b157c0a57e7925ef1378947a03a141710?cid=9950ac751e34487dbbe027c4fd7f8e99","false","59","USIR28000009","spotify:user:22sdp7hcqje57feigouwzjgyq","2024-06-26T22:33:15Z"
"spotify:track:7DhObRhHUtmpFXnTTMw4zQ","No, No, No","spotify:artist:6mLXvSt7Xxy2r9uBba1O6Z","Dawn Penn","spotify:album:6cTbtqpisjvpcFBA6Spdgi","No, No, No","spotify:artist:6mLXvSt7Xxy2r9uBba1O6Z","Dawn Penn","2022-04-15","https://i.scdn.co/image/ab67616d0000b273652d0fbd18920339a09e0374","1","1","264786","https://p.scdn.co/mp3-preview/c0a8bd9d3686075ac187ab51d1b391198c14183d?cid=9950ac751e34487dbbe027c4fd7f8e99","false","32","JMA020600973","spotify:user:22sdp7hcqje57feigouwzjgyq","2024-07-01T15:18:01Z"
"spotify:track:7cxJUcO4HTrJ2jniaKOAaw","Steppin' Out","spotify:artist:6UL7BodGc5iVmQGlMwHR0g","Steel Pulse","spotify:album:1h5jSwgEiUDx58MiBFVTgV","Earth Crisis","spotify:artist:6UL7BodGc5iVmQGlMwHR0g","Steel Pulse","2005-06-07","https://i.scdn.co/image/ab67616d0000b273debaed4026f8dc6cd23fb048","1","1","245786","https://p.scdn.co/mp3-preview/bab00610e0483d633be6b562d589f9f7e52198c7?cid=9950ac751e34487dbbe027c4fd7f8e99","false","48","USEE10181688","spotify:user:22sdp7hcqje57feigouwzjgyq","2024-08-02T15:19:25Z"
"spotify:track:1RcvYfTuRLsMIBpiLVWxc8","Lump Sum","spotify:artist:7IURtrIM8SBTlCI9qrAuUQ","Linval Thompson","spotify:album:7td4NFu0z7vtAZsZf4Nd23","The Early Sessions 1974-1982","spotify:artist:7IURtrIM8SBTlCI9qrAuUQ","Linval Thompson","2011-11-10","https://i.scdn.co/image/ab67616d0000b273885815f103317d7bb488b664","1","15","347906","https://p.scdn.co/mp3-preview/b1a62d715e2e2468ef244c50fb774ab2fffddd17?cid=9950ac751e34487dbbe027c4fd7f8e99","false","14","JMA270860149","spotify:user:22sdp7hcqje57feigouwzjgyq","2024-09-05T00:31:43Z"
"spotify:track:2pZJhvpin385eqAFRp3ASJ","Sun Is Shining","spotify:artist:2QsynagSdAqZj3U9HgDzjD","Bob Marley & The Wailers","spotify:album:13dXX35pYjr8FqRla40K2a","Kaya","spotify:artist:2QsynagSdAqZj3U9HgDzjD","Bob Marley & The Wailers","1978","https://i.scdn.co/image/ab67616d0000b273387799441ba867649dfbb702","1","4","298506","https://p.scdn.co/mp3-preview/df9f047cefcdea89b6bd6eea8094aa03f2503f12?cid=9950ac751e34487dbbe027c4fd7f8e99","false","64","USIR27800260","spotify:user:22sdp7hcqje57feigouwzjgyq","2024-11-11T20:43:34Z"
"spotify:track:7FZfK6Jw4OAtSlBUERzuMm","Island Girl","spotify:artist:7jgZFR40bWjwOrRCOZFB02","Tribal Seeds","spotify:album:0vr6O6TpbUwDkRaOFcG1Z7","Tribal Seeds","spotify:artist:7jgZFR40bWjwOrRCOZFB02","Tribal Seeds","2008-01-01","https://i.scdn.co/image/ab67616d0000b27303f0614c9c10028e9c49aca1","1","8","258866","https://p.scdn.co/mp3-preview/7e488b5ff288f5152d9f7e1d2a330eb200cc99a2?cid=9950ac751e34487dbbe027c4fd7f8e99","false","42","USL4Q0760730","spotify:user:22sdp7hcqje57feigouwzjgyq","2024-12-03T16:54:19Z"
"spotify:track:3ciMXKwXlLCFcQCyhKblZs","Roller Skates","spotify:artist:6UL7BodGc5iVmQGlMwHR0g","Steel Pulse","spotify:album:1h5jSwgEiUDx58MiBFVTgV","Earth Crisis","spotify:artist:6UL7BodGc5iVmQGlMwHR0g","Steel Pulse","2005-06-07","https://i.scdn.co/image/ab67616d0000b273debaed4026f8dc6cd23fb048","1","4","299946","https://p.scdn.co/mp3-preview/d11d727d31b2829fbdc827bdbe40eb4c6d70fc70?cid=9950ac751e34487dbbe027c4fd7f8e99","false","51","USEE19901168","spotify:user:22sdp7hcqje57feigouwzjgyq","2024-12-03T17:03:15Z"
"spotify:track:1GMImHbfKQuz8EGzvAYTEf","Jamaica Nice","spotify:artist:02QS4GibrL7zDnqe4OWWeu","Billy Boyo","spotify:album:3GrtgkGNzsvWFLegW4fodf","Zim Zim","spotify:artist:02QS4GibrL7zDnqe4OWWeu","Billy Boyo","2003-01-01","https://i.scdn.co/image/ab67616d0000b273fa6ff903bd556031a2c4766f","1","1","223786","https://p.scdn.co/mp3-preview/e3167358a98f1a716856f1008c8c86ff058c5f7a?cid=9950ac751e34487dbbe027c4fd7f8e99","false","19","ushm20442590","spotify:user:22sdp7hcqje57feigouwzjgyq","2024-12-17T04:32:53Z"
"spotify:track:6AaixUO6ifkCwSbCiKQ8je","Iron Woman","spotify:artist:02QS4GibrL7zDnqe4OWWeu","Billy Boyo","spotify:album:3GrtgkGNzsvWFLegW4fodf","Zim Zim","spotify:artist:02QS4GibrL7zDnqe4OWWeu","Billy Boyo","2003-01-01","https://i.scdn.co/image/ab67616d0000b273fa6ff903bd556031a2c4766f","1","9","239506","https://p.scdn.co/mp3-preview/b6bed427d5adbdb45704fc9b6cc9dcc0b026cfb6?cid=9950ac751e34487dbbe027c4fd7f8e99","false","14","ushm20442598","spotify:user:22sdp7hcqje57feigouwzjgyq","2025-01-11T01:57:05Z"
"spotify:track:0wVjx0J6LK1JswJnUaqbFq","Beat Down Babylon","spotify:artist:5J6lHDYy53GyksfcJyHadC","Junior Byles","spotify:album:5LaUnFk76oOD8YkhDb7ESr","Beat Down Babylon (Expanded Version)","spotify:artist:5J6lHDYy53GyksfcJyHadC","Junior Byles","1972-04-10","https://i.scdn.co/image/ab67616d0000b27303cff8743521fc19af3f3018","1","6","155386","https://p.scdn.co/mp3-preview/3bfadc4f6f9f9dd6b551be36793e086214ed0127?cid=9950ac751e34487dbbe027c4fd7f8e99","false","37","GBAJE7100420","spotify:user:22sdp7hcqje57feigouwzjgyq","2025-01-20T04:07:21Z"
"spotify:track:5g7PCls5DNa0CpGchht17L","Only Woman D.J. With Degree","spotify:artist:21pMSs2JHWwwy2kp1QIIVB","Sister Nancy","spotify:album:3Il1CWXA64e8gukuJZoj0e","One Two","spotify:artist:21pMSs2JHWwwy2kp1QIIVB","Sister Nancy","1982","https://i.scdn.co/image/ab67616d0000b27333c6f21ab00263515f0b0d6d","1","10","209293","https://p.scdn.co/mp3-preview/9d874ad119a6f4e0b35f9bee7f89fa2eaabd622b?cid=9950ac751e34487dbbe027c4fd7f8e99","false","33","USA2P0804889","spotify:user:22sdp7hcqje57feigouwzjgyq","2025-01-20T04:13:15Z"
"spotify:track:3QEKA4uWSYH25kYJ0y5e3Q","Soldiers","spotify:artist:6UL7BodGc5iVmQGlMwHR0g","Steel Pulse","spotify:album:61RLzpGAy4BrIQoEiHXGXA","Reggae Greats","spotify:artist:6UL7BodGc5iVmQGlMwHR0g","Steel Pulse","1984","https://i.scdn.co/image/ab67616d0000b2737295b6d6af8460330c46d778","1","4","277426","https://p.scdn.co/mp3-preview/e3f99514f81b949cc79fc7e9622f829fa2f92557?cid=9950ac751e34487dbbe027c4fd7f8e99","false","28","GBAPA7800010","spotify:user:22sdp7hcqje57feigouwzjgyq","2025-01-20T04:13:56Z"
"spotify:track:209SbubR5uKaVzj5SeN42w","So Much Trouble In The World","spotify:artist:2QsynagSdAqZj3U9HgDzjD","Bob Marley & The Wailers","spotify:album:09Df7mUZBQwbDYgvE0t30r","Survival","spotify:artist:2QsynagSdAqZj3U9HgDzjD","Bob Marley & The Wailers","1979-10-02","https://i.scdn.co/image/ab67616d0000b2735c15cf8bfc892d27aecf2f6d","1","1","240333","https://p.scdn.co/mp3-preview/01b96b6270ddac3fa27b9670f2fc69a880f4c970?cid=9950ac751e34487dbbe027c4fd7f8e99","false","64","USIR27900001","spotify:user:22sdp7hcqje57feigouwzjgyq","2025-01-20T04:19:19Z"
"spotify:track:5uqQyRJV8qLt8zEqnvsBVK","Natural Mystic","spotify:artist:2QsynagSdAqZj3U9HgDzjD","Bob Marley & The Wailers","spotify:album:655KljKIXl42fiNDMKivbY","Exodus","spotify:artist:2QsynagSdAqZj3U9HgDzjD","Bob Marley & The Wailers","1977-06-03","https://i.scdn.co/image/ab67616d0000b273d7f3e4d143c198d3542a775d","1","1","207733","https://p.scdn.co/mp3-preview/46bcb317ff5658333e0d389f840ef54b064f0697?cid=9950ac751e34487dbbe027c4fd7f8e99","false","71","USIR27700008","spotify:user:22sdp7hcqje57feigouwzjgyq","2025-01-20T04:20:15Z"
"spotify:track:3F5kU8RFgfqNJkK20FWJqb","Bodyguard","spotify:artist:6UL7BodGc5iVmQGlMwHR0g","Steel Pulse","spotify:album:1h5jSwgEiUDx58MiBFVTgV","Earth Crisis","spotify:artist:6UL7BodGc5iVmQGlMwHR0g","Steel Pulse","2005-06-07","https://i.scdn.co/image/ab67616d0000b273debaed4026f8dc6cd23fb048","1","6","270760","https://p.scdn.co/mp3-preview/fe23e7795f4022459f386f9460fe0979a7d3972f?cid=9950ac751e34487dbbe027c4fd7f8e99","false","39","USEE19901178","spotify:user:22sdp7hcqje57feigouwzjgyq","2025-01-20T04:20:34Z"
